<?xml version="1.0" encoding="UTF-8"?>
<project-private xmlns="http://www.netbeans.org/ns/project-private/1">
    <editor-bookmarks xmlns="http://www.netbeans.org/ns/editor-bookmarks/2" lastBookmarkId="0"/>
    <open-files xmlns="http://www.netbeans.org/ns/projectui-open-files/2">
        <group>
            <file>file:/D:/nhan/java/prj311/J2.S.P0016_CounterSwingThreadJava2D/src/Main.java</file>
            <file>file:/D:/nhan/java/prj311/J2.S.P0016_CounterSwingThreadJava2D/src/CounterRunnable.java</file>
        </group>
    </open-files>
</project-private>
