<?xml version="1.0" encoding="UTF-8"?>
<project-private xmlns="http://www.netbeans.org/ns/project-private/1">
    <editor-bookmarks xmlns="http://www.netbeans.org/ns/editor-bookmarks/2" lastBookmarkId="0"/>
    <open-files xmlns="http://www.netbeans.org/ns/projectui-open-files/2">
        <group>
            <file>file:/D:/nhan/java/prj321/PRJ321_PracticeTest/src/java/fud/controller/AddController.java</file>
            <file>file:/D:/nhan/java/prj321/PRJ321_PracticeTest/web/index.jsp</file>
            <file>file:/D:/nhan/java/prj321/PRJ321_PracticeTest/src/java/fud/model/productDAO.java</file>
            <file>file:/D:/nhan/java/prj321/PRJ321_PracticeTest/web/product.jsp</file>
        </group>
    </open-files>
</project-private>
